URL handle,Title,Description,Vendor,Product category,Type,Tags,Published on online store,Status,Option1 name,Option1 value,SKU,Barcode,Price,Compare-at price,Cost per item,Charge tax,Inventory tracker,Inventory quantity,Continue selling when out of stock,Weight value (grams),Weight unit for display,Requires shipping,Fulfillment service,Product image URL,Image position,Image alt text,Gift card,SEO title,SEO description,Collection,Ingredients (product.metafields.custom.ingredients),Depth (product.metafields.custom.depth),Width (product.metafields.custom.width),Height (product.metafields.custom.height)
filter-cartridge-sc779-rising-dragon-plastics-eago-whirlpools-spa-components,"Filter Cartridge SC779 - Rising Dragon Plastics, EAGO Whirlpools - Spa Components","A cartridge filter for hot tubs and swim spas, measuring 26.0 cm outer diameter, 13.0 cm bottom part, and 3.8 cm inner thread. Compatible with Darlly SC779 and 40372 codes, it captures dirt, grease, and fine particles to keep water clean.",Rising Dragon,hg-18-1-3-1,Filter cartridge,"filters, spa-hot-tub, repeat-purchase, barcode-verified, multi-source-confirmed, needs-review, scanned-stock",false,draft,Title,Default Title,RIS-FIL-2406,700175992406,,,,true,shopify,999,deny,,kg,true,manual,https://www.spa-components.com/user/shop/big/1473-1_filter-cartridge-sc779-rising-dragon-plastics--eago-whirlpools.jpg?ff=1&x=1024&y=768&q=85&ts=6720c4a0&sg=161563f2,1,"Filter Cartridge SC779 - Rising Dragon Plastics, EAGO Whirlpools - Spa Components",false,,,Filter cartridges and filter media for water pumps,,,,
filter-cartridge-size-ii-double-pack-10-6-x-13-6-cm-58094-26,"Filter cartridge Size II double pack, 10.6 x 13.6 cm | 58094_26","A twin pack of Size II replacement filter cartridges measuring 10.6 x 13.6 cm, designed for compatible pool and spa filtration systems. The fine lamellar structure delivers thorough water cleaning and the cartridges are easy to rinse clean.",,hg-18-1-3-1,Filter cartridge,"filters, repeat-purchase, barcode-verified, multi-source-confirmed, needs-review, scanned-stock",false,draft,Title,Default Title,GEN-FIL-3615,6941607353615,,,,true,shopify,999,deny,,kg,true,manual,https://www.bestwaystore.de/media/c6/f8/ba/1756384660/6941607353615-main-jpg.jpg?ts=1756384660,1,"Filter cartridge Size II double pack, 10.6 x 13.6 cm | 58094_26",false,,,Filter cartridges and filter media for water pumps,,,10.6cm,13.6cm
bestway-flowcleartm-filter-cartridge-size-3-1-item,"Bestway Flowclear™ Filter Cartridge Size 3, 1 item","A single Flowclear Size 3 replacement filter cartridge for compatible Bestway pool filtration systems, featuring a fine lamellar structure that traps deposits and dirt effectively. Easy to clean and straightforward to swap out when routine maintenance is due.",Bestway,hg-18-1-3-1,Filter cartridge,"filters, water-treatment, repeat-purchase, barcode-verified, multi-source-confirmed, needs-review, scanned-stock",false,draft,Title,Default Title,BES-FIL-3592,6941607353592,,,,true,shopify,999,deny,,kg,true,manual,https://ap.nice-cdn.com/upload/image/product/large/default/bestway-flowclear-filter-cartridge-size-3-1-item-638140-en.jpg,1,"Bestway Flowclear™ Filter Cartridge Size 3, 1 item",false,,,Filter cartridges and filter media for water pumps,,,,
darlly-hot-tub-spa-filter-sc705-40353-compatible-with-unicel-c-4335-prb35-in-fil,Darlly Hot Tub Spa Filter SC705 40353 Compatible with Unicel C-4335 PRB35-IN Filbur FC-2385 2 Pack,"A two-pack of compatible hot tub and spa cartridge filters corresponding to Unicel C-4335, Pleatco PRB35-IN, and Filbur FC-2385 references. A handy spare-pair to keep on hand so your tub is never without a fresh filter.",Darlly,hg-18-1-3-1,Filter cartridge,"filters, spa-hot-tub, repeat-purchase, barcode-verified, multi-source-confirmed, needs-review, scanned-stock",false,draft,Title,Default Title,DAR-FIL-1669,700175991669,,,,true,shopify,999,deny,,kg,true,manual,https://images.barcodelookup.com/29361/293617958-1.jpg,1,Darlly Hot Tub Spa Filter SC705 40353 Compatible with Unicel C-4335 PRB35-IN Filbur FC-2385 2 Pack,false,,,Filter cartridges and filter media for water pumps,,,,
filter-cartridge-size-iv-14-2-x-25-4-cm-58095-26,Filter cartridge Size IV 14.2 x 25.4 cm | 58095_26,"A single Size IV replacement filter cartridge measuring 14.2 x 25.4 cm, compatible with Bestway filter pump 58391 (9,463 l/h). Its deep-fold, fine-structure media delivers thorough water cleaning and can be rinsed clean with minimal effort.",,hg-18-1-3-1,Filter cartridge,"filters, repeat-purchase, barcode-verified, multi-source-confirmed, needs-review, scanned-stock",false,draft,Title,Default Title,GEN-FIL-3622,6941607353622,,,,true,shopify,999,deny,,kg,true,manual,https://www.bestwaystore.de/media/53/6c/e9/1756384676/6941607353622-main-jpg.jpg?ts=1756384676,1,Filter cartridge Size IV 14.2 x 25.4 cm | 58095_26,false,,,Filter cartridges and filter media for water pumps,,,14.2cm,25.4cm
darlly-spa-filter-c-4401-prb17-5sf-pr-sc726-pair,"Darlly Spa Filter C-4401, PRB17.5SF PR, SC726 (Pair)","A pair of Darlly spa filter cartridges in the SC726 reference, also cross-referenced as Unicel C-4401 and Pleatco PRB17.5SF PR. Buying in pairs means a fresh replacement is always ready when it is time to swap.",Darlly,hg-18-1-3-1,Filter cartridge,"filters, spa-hot-tub, repeat-purchase, barcode-verified, multi-source-confirmed, needs-review, scanned-stock",false,draft,Title,Default Title,DAR-FIL-1874,700175991874,,,,true,shopify,999,deny,,kg,true,manual,https://images.barcodelookup.com/4378/43786454-1.jpg,1,"Darlly Spa Filter C-4401, PRB17.5SF PR, SC726 (Pair)",false,,,Filter cartridges and filter media for water pumps,,,,
hot-tub-filter-unicel-c4950-c-4950-50-spa-cartridge-pleatco-prb501n-darlly-40506,"Hot Tub Filter Unicel C4950 / C-4950 50' Spa Cartridge Pleatco PRB501N Darlly 40506 for Arctic, Beachcomber, Canadian, Hydropool & Jacuzzi Spas","A replacement spa filter cartridge compatible with Arctic, Beachcomber, Canadian, Hydropool and Jacuzzi spas, sold under cross-reference codes including Unicel C-4950, Pleatco PRB50-IN and Darlly 40506. It keeps hot tub water clean by trapping debris and particles as water cycles through the filtration system.",Darlly,hg-18-1-3-1,Filter cartridge,"filters, spa-hot-tub, repeat-purchase, barcode-verified, multi-source-confirmed, needs-review, scanned-stock",false,draft,Title,Default Title,DAR-FIL-1676,700175991676,,,,true,shopify,999,deny,,kg,true,manual,https://images.barcodelookup.com/4469/44699532-1.jpg,1,"Hot Tub Filter Unicel C4950 / C-4950 50' Spa Cartridge Pleatco PRB501N Darlly 40506 for Arctic, Beachcomber, Canadian,…",false,,,Filter cartridges and filter media for water pumps,,,,
calacatta-4-person-inflatable-spa,Calacatta 4-person inflatable spa,"A square inflatable hot tub for up to four people, with an overall outer diameter of 2.45 m and a structure measuring 1.75 x 1.75 x 0.71 m, built from high-resistance polyester for good rigidity and durability. The packaged weight is 64.92 kg, so you will want a helper on delivery day.",,hg-18-4,Inflatable spa,"spa-hot-tub, considered-purchase, barcode-verified, multi-source-confirmed, needs-review, scanned-stock",false,draft,Title,Default Title,GEN-SPA-3395,6941057423395,,,,true,shopify,999,deny,64920,kg,true,manual,https://media.intex.fr/7743-large_default_x2/28464ex-spa-gonflable-calacatta-4-places.jpg,1,Calacatta 4-person inflatable spa,false,,,Hot Tubs,,175.0cm,175.0cm,71.0cm
hth-stabilizer-granulat-3-0-kg,"Hth Stabilizer Granulat 3,0 Kg","A 3.0 kg tub of hth stabiliser granules for outdoor swimming pools, used to protect chlorine from UV degradation and extend its effectiveness. A reliable way to get more mileage from your sanitiser on sunny days.",hth,hg-18-1-7,Pool chemical,"water-treatment, repeat-purchase, barcode-verified, needs-review, scanned-stock",false,draft,Title,Default Title,HTH-CHM-5716,3521686005716,,,,true,shopify,999,deny,3000,kg,true,manual,https://images.barcodelookup.com/12027/120276177-1.jpg,1,"Hth Stabilizer Granulat 3,0 Kg",false,,,Water Chemicals and Chlorine,,,,
1-l-hth-spa-antikalk,1 l - hth® Spa ANTIKALK,"A 1-litre bottle of hth Spa Antikalk, formulated to prevent and remove limescale in spa and hot tub water. Keeping scale under control helps protect internal components and maintain water clarity.",hth,hg-18-4,Inflatable spa,"spa-hot-tub, considered-purchase, barcode-verified, needs-review, scanned-stock",false,draft,Title,Default Title,HTH-SPA-0194,3521684700194,,,,true,shopify,999,deny,,kg,true,manual,https://www.north-spa.de/wp-content/uploads/2025/02/Produktbild-1-hth-SPA-ANTIKALK-1-l-3521684700194-360x360.jpg,1,1 l - hth® Spa ANTIKALK,false,,,Hot Tubs,,,,
olive-8-person-inflatable-spa,Olive 8-person inflatable spa,"A round, olive-green inflatable spa designed to seat up to eight people comfortably, with a maximum water temperature of 40°C. Five accessories are included in the box, so there is plenty to get started with straight away.",,hg-18-4,Inflatable spa,"spa-hot-tub, considered-purchase, barcode-verified, multi-source-confirmed, needs-review, scanned-stock",false,draft,Title,Default Title,GEN-SPA-9274,6941057429274,,,,true,shopify,999,deny,,kg,true,manual,https://media.intex.fr/11990-large_default_x2/28412np-spa-gonflable-olive-8-places.jpg,1,Olive 8-person inflatable spa,false,,,Hot Tubs,,,,
sc750-filter-replacement-filter-lamellar-filter-arctic-fonteyn-rota-strong-spa-d,SC750 Filter replacement filter lamellar filter Arctic Fonteyn Rota Strong Spa - Darlly,"A Darlly SC750 replacement cartridge filter compatible with Arctic, Fonteyn, Rota, and Strong Spa hot tubs, among others. A straightforward like-for-like swap to keep your spa water flowing clean.",Darlly,hg-18-1-3-1,Filter cartridge,"filters, spa-hot-tub, repeat-purchase, barcode-verified, multi-source-confirmed, needs-review, scanned-stock",false,draft,Title,Default Title,DAR-FIL-2116,700175992116,,,,true,shopify,999,deny,,kg,true,manual,https://images.barcodelookup.com/29338/293384728-1.jpg,1,SC750 Filter replacement filter lamellar filter Arctic Fonteyn Rota Strong Spa - Darlly,false,,,Filter cartridges and filter media for water pumps,,,,
spabalancer-clean-refresh-sprayer,SpaBalancer Clean & Refresh (+ sprayer),SpaBalancer Clean and Refresh is a spa water treatment product supplied with a sprayer for easy application. It is designed to keep spa water fresh and clean as part of a regular maintenance routine.,SpaBalancer,hg-18-1-7,Pool cleaning product,"cleaning, add-on, barcode-verified, multi-source-confirmed, needs-review, scanned-stock",false,draft,Title,Default Title,SPA-CLN-0117,4260374980117,,,,true,shopify,999,deny,,kg,true,manual,https://www.spabalancer.ch/media/ae/20/d2/1728651174/sb111_clean-refresh_freigestellt.png?ts=1777362921,1,SpaBalancer Clean & Refresh (+ sprayer),false,,,Pool Cleaning Equipment,,,,
water-i-d-water-id-reagenzien-dpd-1-photometer-500,WATER-I.D. Water-ID Reagenzien DPD 1 Photometer 500,"A pack of 500 DPD 1 reagent tablets for use with the Water-ID photometer, measuring free chlorine levels in pool or spa water. Having a full pack to hand means you will not run short mid-season.",Water-i.d.,hg-18-1,Water test kit,"test-measure, add-on, needs-photo, needs-review, scanned-stock",false,draft,Title,Default Title,WAT-TST-1702,4260431461702,,,,true,shopify,999,deny,,kg,true,manual,,,,false,,,Pool Accessories,,,,
water-i-d-water-id-reagenzien-phenol-red-photometer-500,WATER-I.D. Water-ID Reagenzien Phenol Red Photometer 500,"A pack of 500 Phenol Red reagent tablets compatible with the Water-ID photometer, used for measuring pH levels in pool or spa water. Accurate pH readings are the foundation of balanced, comfortable water.",Water-i.d.,hg-18-1,Water test kit,"test-measure, add-on, barcode-verified, needs-review, scanned-stock",false,draft,Title,Default Title,WAT-TST-1801,4260431461801,,,,true,shopify,999,deny,,kg,true,manual,https://www.poolpowershop.de/media/46/63/13/1743521499/phenol-red-testtabletten-fuer-poollab-500-stk.jpg,1,WATER-I.D. Water-ID Reagenzien Phenol Red Photometer 500,false,,,Pool Accessories,,,,
cristal-poolpflege-cristal-edge-cleaner-alkaline-1-0-l-material-safe-for-liners-,"Cristal Poolpflege CRISTAL edge cleaner alkaline 1,0 l, (material-safe, for liners, plastic","An alkaline edge and surround cleaner in a 1-litre bottle, formulated to be gentle on pool liners, foils, and plastic surfaces. It tackles waterline grime without harming the materials it touches.",Cristal,hg-18-1-7,Pool chemical,"pool, water-treatment, cleaning, repeat-purchase, barcode-verified, multi-source-confirmed, needs-review, scanned-stock",false,draft,Title,Default Title,CRI-CHM-5212,4002369155212,,,,true,shopify,999,deny,,kg,true,manual,https://images.barcodelookup.com/21057/210579756-1.jpg,1,"Cristal Poolpflege CRISTAL edge cleaner alkaline 1,0 l, (material-safe, for liners, plastic",false,,,Pool Cleaning Equipment,,,,
aquality-pool-cleaner-for-greasy-residue-1l,AQUALITY Pool cleaner for greasy residue 1L,"A 1-litre pool surface cleaner formulated to remove sunscreen oils and greasy residues from the water surface, designed specifically for warm Mediterranean climates and heavy swimming loads. It keeps the waterline and surface clear without harming pool materials.",Aquality,hg-18-1-7,Pool cleaning product,"pool, cleaning, add-on, barcode-verified, multi-source-confirmed, needs-review, scanned-stock",false,draft,Title,Default Title,AQU-CLN-0223,5292638000223,,,,true,shopify,999,deny,,kg,true,manual,http://mangas.com.cy/media/products/5292638000223.jpg,1,AQUALITY Pool cleaner for greasy residue 1L,false,,,Pool Cleaning Equipment,,,,
pool-clarifier-california-clear-blue-aquality-1l,Pool Clarifier California Clear Blue Aquality 1L,"California Clear Blue is a super-concentrated, pH-neutral pool clarifier in a 1-litre bottle, using a cationic polymer formula to bind microscopic particles such as dust, pollen, and oils into larger clusters your filter can catch. Non-toxic and biodegradable, it is safe for sand, zeolite, and glass filtration media.",Aquality,hg-18-1-7,Pool chemical,"pool, water-treatment, repeat-purchase, barcode-verified, multi-source-confirmed, needs-review, scanned-stock",false,draft,Title,Default Title,AQU-CHM-0070,5292638000070,,,,true,shopify,999,deny,,kg,true,manual,https://poolservices.cy/storage/2026/05/California-Clear-Blue-1L-Aquality-2.jpeg,1,Pool Clarifier California Clear Blue Aquality 1L,false,,,Water Chemicals and Chlorine,,,,
aquality-magic-tile-4-vinyl-cleaner-1l,AQUALITY Magic tile 4 vinyl cleaner 1L,"A 1-litre tile and vinyl cleaner for pools, designed to clean pool tile surfaces and vinyl liners. It makes light work of the tidying up that keeps a pool looking its best.",Aquality,hg-18-1-7,Pool cleaning product,"cleaning, add-on, barcode-verified, multi-source-confirmed, needs-review, scanned-stock",false,draft,Title,Default Title,AQU-CLN-0162,5292638000162,,,,true,shopify,999,deny,,kg,true,manual,http://mangas.com.cy/media/products/5292638000162.jpg,1,AQUALITY Magic tile 4 vinyl cleaner 1L,false,,,Pool Cleaning Equipment,,,,
hofer-chemie-gmbh-pool-care-1-l-bayzid-spa-poolclear-turbidity-remover,Höfer Chemie GmbH pool care 1 L BAYZID® SPA Poolclear turbidity remover,"A 1-litre spa and pool water clarifier from Bayzid, formulated to clear cloudy or turbid water. A handy bottle to reach for whenever the water loses its sparkle.",Höfer Chemie,hg-18-4,Inflatable spa,"spa-hot-tub, pool, water-treatment, considered-purchase, barcode-verified, needs-review, scanned-stock",false,draft,Title,Default Title,HFE-SPA-7202,4250463127202,,,,true,shopify,999,deny,,kg,true,manual,https://hoefer-shop.com/cdn/shop/files/1x1L-BAYZID-Spa-Poolclear-v1-RS_1.jpg?v=1785600487&width=800,1,Höfer Chemie GmbH pool care 1 L BAYZID® SPA Poolclear turbidity remover,false,,,Hot Tubs,,,,
hofer-chemie-gmbh-1-l-hydrogen-peroxide-11-9,"HÖFER CHEMIE GMBH 1 l hydrogen peroxide 11,9%","A 1-litre bottle of hydrogen peroxide at 11.9% concentration, suitable for disinfection and water treatment applications. A straightforward chemical solution that keeps things clean without fuss.",Höfer Chemie,hg-18-1-7,Pool chemical,"water-treatment, repeat-purchase, barcode-verified, needs-review, scanned-stock",false,draft,Title,Default Title,HFE-CHM-6788,4250463106788,,,,true,shopify,999,deny,,kg,true,manual,https://hoefer-shop.com/cdn/shop/files/1x1L-Wasserstoffperoxid-Flasche-hinten-26.jpg?v=1783777627&width=1000,1,"HÖFER CHEMIE GMBH 1 l hydrogen peroxide 11,9%",false,,,Water Chemicals and Chlorine,,,,
astralpool-water-care-astralpool-chlorine-stabilizer-4-5-kg,"Astralpool water care Astralpool Chlorine Stabilizer 4,5 kg","A 4.5 kg pack of chlorine stabilizer for swimming pools, used to protect chlorine from UV degradation and extend its effectiveness in the water. Steady chemistry for a pool that earns its keep.",AstralPool,hg-18-1-7,Pool chemical,"water-treatment, repeat-purchase, needs-photo, needs-review, scanned-stock",false,draft,Title,Default Title,AST-CHM-0626,8432611960626,,,,true,shopify,999,deny,4500,kg,true,manual,,,,false,,,Water Chemicals and Chlorine,,,,
spabalancer-ultrashock,SpaBalancer UltraShock,"UltraShock is a pool and spa shock treatment from SpaBalancer, designed to rapidly oxidise contaminants and restore water clarity. A quick reset for water that needs a little more persuasion.",SpaBalancer,hg-18-1-7,Pool chemical,"water-treatment, repeat-purchase, barcode-verified, multi-source-confirmed, needs-review, scanned-stock",false,draft,Title,Default Title,SPA-CHM-0025,4260374980025,,,,true,shopify,999,deny,,kg,true,manual,https://images.barcodelookup.com/16704/167043133-1.jpg,1,SpaBalancer UltraShock,false,,,Water Chemicals and Chlorine,,,,
pool-gom-magic-rubber-eraser,Pool'Gom Magic Rubber Eraser,"A patented foam rubber eraser for cleaning pool surfaces, particularly suited to waterline stains on liner and vitreous ceramic finishes, and it works without detergents or chemicals. Each box contains 3 sponges, which harden when wet to scrub effectively while remaining soft and flexible in use.",,hg-18-1-7,Pool cleaning product,"pool, cleaning, add-on, barcode-verified, multi-source-confirmed, needs-review, scanned-stock",false,draft,Title,Default Title,GEN-CLN-0062,3760015880062,,,,true,shopify,999,deny,,kg,true,manual,https://www.piscinarium.com/2908-thickbox_default/pool-gom-magic-rubber-eraser.jpg,1,Pool'Gom Magic Rubber Eraser,false,,,Pool Cleaning Equipment,,,,
spa-industries-europe,Spa Industries Europe,"Spa Industries Europe appears to be a brand or supplier name rather than a specific product, so no product details can be confirmed. For accurate information, please check the full product listing.",,hg-18-4,Inflatable spa,"spa-hot-tub, considered-purchase, multi-source-confirmed, needs-photo, needs-review, scanned-stock",false,draft,Title,Default Title,GEN-SPA-1968,5425021871968,,,,true,shopify,999,deny,,kg,true,manual,,,,false,,,Hot Tubs,,,,
hofer-chemie-gmbh-1-l-sauna-cleaner-with-eucalyptus-scent-high-concentrate-heavy,Höfer Chemie GmbH 1 L sauna cleaner with eucalyptus scent - high-concentrate heavy-duty cleaner,"A 1-litre high-concentrate sauna cleaner with eucalyptus fragrance, formulated as a deep-cleaning base cleaner for sauna surfaces. The concentrated formula means a little goes a long way, with a fresh scent to match.",Höfer Chemie,hg-18-1-7,Pool cleaning product,"cleaning, add-on, needs-photo, needs-review, scanned-stock",false,draft,Title,Default Title,HFE-CLN-7004,4250463127004,,,,true,shopify,999,deny,,kg,true,manual,,,,false,,,Pool Cleaning Equipment,,,,
hth-spa-spa-cleaner,HTH Spa spa cleaner,"This HTH spa cleaner removes mineral deposits such as limescale and rust, and cleans and polishes aluminium, chrome, stainless steel, and enamel surfaces with a pleasant pine fragrance. It has a high concentration of active ingredients and is recommended for periodic maintenance cleaning.",hth,hg-18-1-7,Pool cleaning product,"spa-hot-tub, cleaning, add-on, barcode-verified, multi-source-confirmed, needs-review, scanned-stock",false,draft,Title,Default Title,HTH-CLN-0178,3521686010178,,,,true,shopify,999,deny,,kg,true,manual,https://www.cdiscount.com/pdt2/0/5/1/1/700x700/auc2009356289051/rw/hth-spa-nettoyant-spa-3521686010178.jpg,1,HTH Spa spa cleaner,false,,,Pool Cleaning Equipment,,,,
saline-pool-salt-pure-boiling-salt-without-separating-agent-sack-25-kg,Saline pool salt pure boiling salt without separating agent | Sack (25 kg),"A 25 kg sack of pure boiling salt (minimum 99.6% NaCl) without an anti-caking agent, meeting EN 973 Type A standard and suitable for use in pool salt electrolysis systems. Not intended for human consumption or animal feed.",,hg-18-1-7,Pool salt,"pool, salt, repeat-purchase, barcode-verified, multi-source-confirmed, needs-review, scanned-stock",false,draft,Title,Default Title,GEN-SLT-6110,9001880976110,,,,true,shopify,999,deny,25000,kg,true,manual,http://altruan.com/cdn/shop/files/SalinenPoolSalz25kgSack.png?v=1778597596,1,Saline pool salt pure boiling salt without separating agent | Sack (25 kg),false,,,Water Chemicals and Chlorine,"Composition: Siedesalz (min. 99.6% NaCl) 100%; Separant/sodium ferrocyanide 4.0–12.0 mg/kg | Grain: >0.63 mm approx. 20%, 0.2–0.63 mm approx. 75%, <0.2 mm approx. 5% | Moisture: <0.08%",,,
aiper-scuba-s3-cordless-pool-robot-automatic-floor-and-wall-cleaning-wavepathtm-,"AIPER Scuba S3 cordless pool robot, automatic floor and wall cleaning, WavePath™ navigation, high-performance filtration and smart control","A cordless robotic pool cleaner that scrubs both floors and walls automatically, using WavePath navigation to map and cover the pool efficiently. Built-in high-performance filtration and smart control make it a hands-off solution for keeping pool water clear.",Aiper,hg-18-1-16,Pool robot cleaner,"pool, cleaning, robot-cleaner, considered-purchase, barcode-verified, multi-source-confirmed, needs-review, scanned-stock",false,draft,Title,Default Title,AIP-ROB-4940,6977676344940,,,,true,shopify,999,deny,,kg,true,manual,https://images.barcodelookup.com/176692/1766920801-1.jpg,1,"AIPER Scuba S3 cordless pool robot, automatic floor and wall cleaning, WavePath™ navigation, high-performance filtration…",false,,,Pool Cleaning Equipment,,,,
scuba-l1-eu,Scuba L1 - EU,"The Scuba L1 EU is a pool cleaning device, though no further specific details about its features, dimensions, or mechanism are available from the product name alone. Buyers should refer to the full product listing for specifications.",,hg-18-1-16,Pool robot cleaner,"robot-cleaner, considered-purchase, barcode-verified, multi-source-confirmed, needs-review, scanned-stock",false,draft,Title,Default Title,GEN-ROB-5137,6975140315137,,,,true,shopify,999,deny,,kg,true,manual,https://images.barcodelookup.com/124722/1247228758-1.jpg,1,Scuba L1 - EU,false,,,Pool Cleaning Equipment,,,,
battery-powered-robot-wet-runner-xpert,Battery Powered Robot WET RUNNER XPERT,The Gre Pools RBR120 is a 51W robotic pool cleaner designed for automatic pool floor cleaning. A reliable workhorse that takes the scrubbing off your hands.,,hg-18-1-16,Pool robot cleaner,"robot-cleaner, considered-purchase, barcode-verified, needs-review, scanned-stock",false,draft,Title,Default Title,GEN-ROB-8500,8412081308500,,,,true,shopify,999,deny,,kg,true,manual,https://images.barcodelookup.com/124726/1247268298-1.jpg,1,Battery Powered Robot WET RUNNER XPERT,false,,,Pool Cleaning Equipment,,,,
twin-dura-beam-classic-downy-airbed-99x191x25-cm,Twin Dura-Beam Classic Downy Airbed 99x191x25 cm,"A twin-size inflatable airbed measuring 99 x 191 x 25 cm, built with Fiber-Tech internal construction using polyester fibres for comfort, vinyl sides and base, and a water-resistant flocked top surface with an anti-deflation valve. It supports a maximum weight of 136 kg and packs down compactly when deflated.",,hg-18-1-11,Airbed / lounger,"considered-purchase, barcode-verified, multi-source-confirmed, needs-review, scanned-stock",false,draft,Title,Default Title,GEN-BED-2443,6941057412443,,,,true,shopify,999,deny,,kg,true,manual,https://www.ecoperation.com/media/catalog/product/cache/b76cf1d99a7811daa83ba86e6ad91c89/6/4/64757.jpg,1,Twin Dura-Beam Classic Downy Airbed 99x191x25 cm,false,,,Inflatable Beds and Mattresses,,99.0cm,191.0cm,25.0cm
steinbach-chlorine-dosing-lock-only-for-chlorine-long-term-tablets-plastic-conne,"STEINBACH Chlorine dosing lock, only for chlorine long-term tablets, plastic, connection 1.5 inch in","A plastic chlorine dosing lock from Steinbach, designed exclusively for use with long-term chlorine tablets, with a 1.5-inch connection fitting. It measures 37 cm in length, 22.5 cm in width, and 15 cm in height, making it a sturdy inline dosing unit for pool water treatment systems.",Steinbach,hg-18-1-7,Pool chemical,"water-treatment, repeat-purchase, barcode-verified, multi-source-confirmed, needs-review, scanned-stock",false,draft,Title,Default Title,STE-CHM-0307,9008748790307,,,,true,shopify,999,deny,,kg,true,manual,https://i.ebayimg.com/images/g/CrUAAeSwkOdqeaRR/s-l400.jpg,1,"STEINBACH Chlorine dosing lock, only for chlorine long-term tablets, plastic, connection 1.5 inch in",false,,,Water Chemicals and Chlorine,,22.5cm,37.0cm,15.0cm
estelle-filter-cleaning-system-hot-tubs-cartridge-filters-cleaner-spa-amazing,Estelle Filter Cleaning System Hot tubs Cartridge Filters Cleaner Spa Amazing!,"A filter cleaning system for hot tub and pool cartridge filters, designed to remove debris and residue efficiently while keeping water usage to a minimum. A practical tool for extending the life of your filter without wasting a drop more than necessary.",Estelle,hg-18-1-3-1,Filter cartridge,"filters, spa-hot-tub, cleaning, repeat-purchase, barcode-verified, multi-source-confirmed, needs-review, scanned-stock",false,draft,Title,Default Title,EST-FIL-3669,8711842033669,,,,true,shopify,999,deny,,kg,true,manual,https://i.ebayimg.com/images/g/0e0AAOSweaplqO77/s-l400.jpg,1,Estelle Filter Cleaning System Hot tubs Cartridge Filters Cleaner Spa Amazing!,false,,,Filter cartridges and filter media for water pumps,,,,
ways-pool-maintenance-scrub-brush-15-x-9-x-8-cm-handy-scrub,WAYS - Pool maintenance - Scrub brush - 15 x 9 x 8 cm - Handy scrub,"A compact handy scrub brush for pool maintenance, measuring 15 x 9 x 8 cm, suited to scrubbing pool surfaces and hard-to-reach areas. Small enough to manoeuvre easily, and ready to tackle whatever the waterline throws at it.",WAYS,hg-18-1-7,Pool cleaning product,"pool, cleaning, add-on, needs-photo, needs-review, scanned-stock",false,draft,Title,Default Title,WAY-CLN-2219,8720299182219,,,,true,shopify,999,deny,,kg,true,manual,,,,false,,,Pool Cleaning Equipment,,8.0cm,15.0cm,9.0cm
pillow-for-inflatable-spa-intex-28506,Pillow for inflatable SPA INTEX 28506,"An inflatable PVC headrest pillow for the Intex inflatable spa (model 28506), measuring 24 x 19 x 6 cm and weighing 0.22 kg, designed to support the head and neck comfortably during use. It attaches to the spa rim and can also be filled with water for added stability.",Intex,hg-18-4,Inflatable spa,"spa-hot-tub, accessories, considered-purchase, barcode-verified, multi-source-confirmed, needs-review, scanned-stock",false,draft,Title,Default Title,INT-SPA-6075,6941057426075,,,,true,shopify,999,deny,220,kg,true,manual,https://content2.rozetka.com.ua/goods/images/big/570260745.jpg,1,Pillow for inflatable SPA INTEX 28506,false,,,Intex Pure Spa Accessories,,19.0cm,24.0cm,6.0cm
active-oxygen-test-kit-x1,Active oxygen test kit x1,"A DPD Pool test kit for active-oxygen pools, containing 20 DPD No. 4 reagent tablets for measuring active oxygen levels and 20 phenol red tablets for measuring pH. Results are read immediately after the tablet dissolves, with an ideal active oxygen range of 3.0 to 8.0 mg/l and a target pH of 7.0 to 7.4.",,hg-18-1,Water test kit,"water-treatment, test-measure, add-on, barcode-verified, multi-source-confirmed, needs-review, scanned-stock",false,draft,Title,Default Title,GEN-TST-1347,4250463121347,,,,true,shopify,999,deny,,kg,true,manual,https://media.carrefour.fr/medias/8f94161f683b4e589024a5b5ebaa6873/p_200x200/cad3db6a00ef414a804b9226119bae96_image.jpg,1,Active oxygen test kit x1,false,,,Water Chemicals and Chlorine,,,,
darlly-filter-cartridge-pack-of-2-filter-cartridges-compatible-with-intex-type-h,Darlly filter cartridge pack of 2 filter cartridges compatible with Intex type H,"A pack of 2 replacement filter cartridges compatible with Intex Type H pool and spa pumps, made by Darlly. Straightforward to swap out, they keep the water moving clean without any complications.",Intex,hg-18-1-3-1,Filter cartridge,"filters, repeat-purchase, barcode-verified, needs-review, scanned-stock",false,draft,Title,Default Title,INT-FIL-2895,700175992895,,,,true,shopify,999,deny,,kg,true,manual,https://a.allegroimg.com/original/11923c/a79785a04d36aa54f0d87384f038/Filtracni-kartuse-Intex-D-3BTZ0023-SC828,1,Darlly filter cartridge pack of 2 filter cartridges compatible with Intex type H,false,,,Filter cartridges and filter media for water pumps,,,,
spa-replacement-filter-22-cm-x-27-cm-sc713-c-8465-darlly,"Spa replacement filter Ø 22 cm x 27 cm SC713, C-8465 - Darlly","A Darlly replacement spa filter cartridge with dimensions of 22 cm diameter by 27 cm height, compatible with SC713 and C-8465 references. A reliable like-for-like swap to keep your spa filtration running smoothly.",Darlly,hg-18-1-3-1,Filter cartridge,"filters, spa-hot-tub, repeat-purchase, barcode-verified, multi-source-confirmed, needs-review, scanned-stock",false,draft,Title,Default Title,DAR-FIL-1744,700175991744,,,,true,shopify,999,deny,,kg,true,manual,https://images.barcodelookup.com/142259/1422591231-1.jpg,1,"Spa replacement filter Ø 22 cm x 27 cm SC713, C-8465 - Darlly",false,,,Filter cartridges and filter media for water pumps,,,22.0cm,27.0cm
1-x-1-kg-bayzid-multitabs-20g-5in1-for-pools-hofer-chemie,1 x 1 kg BAYZID® multitabs 20g 5in1 for pools - HöFER CHEMIE,"A 1 kg pack of 20g multitabs for swimming pools, offering a 5-in-1 treatment that combines multiple water care functions in a single slow-dissolving tablet. Convenient all-in-one dosing that keeps pool maintenance simple.",Höfer Chemie,hg-18-1-7,Pool chemical,"pool, water-treatment, repeat-purchase, barcode-verified, multi-source-confirmed, needs-review, scanned-stock",false,draft,Title,Default Title,HFE-CHM-8430,4250463108430,,,,true,shopify,999,deny,1000,kg,true,manual,https://images.barcodelookup.com/17422/174228560-1.jpg,1,1 x 1 kg BAYZID® multitabs 20g 5in1 for pools - HöFER CHEMIE,false,,,Water Chemicals and Chlorine,,,,
bayrol-randfix-0-7-l,"Bayrol Randfix 0,7 l","A ready-to-use alkaline spray cleaner for removing grease and dirt marks at the waterline of pools and for cleaning skimmers. The spray bottle makes application straightforward, and it can be used on a filled pool on all alkali-resistant surfaces.",Bayrol,hg-18-1-7,Pool cleaning product,"cleaning, add-on, barcode-verified, multi-source-confirmed, needs-review, scanned-stock",false,draft,Title,Default Title,BAY-CLN-4134,4008367154134,,,,true,shopify,999,deny,700,kg,true,manual,https://www.north-spa.de/wp-content/uploads/2023/02/Produktbild-1-Bayrol-Randfix-07-l-4008367154134.jpg,1,"Bayrol Randfix 0,7 l",false,,,Pool Cleaning Equipment,,,,
